mode,model,dataset,accuracy,precision,recall,f1,train_time_s
few-shot,microsoft/Phi-3-mini-4k-instruct,climate,0.2132701421800948,0.045484153545517846,0.2132701421800948,0.07497778436018958,361.3405952453613
