model,split,temperature,intervention,intervention_text,num_labels,accuracy,precision_macro,recall_macro,f1_macro,f1_weighted,parsed_rate,num_samples,seconds,samples_per_sec
gemma3:1b,dev,0.0,induce_cot,,13,0.10350877192982456,0.18671072244351947,0.12380524294142185,0.08883963959049898,0.08041756092654748,0.9929824561403509,570.0,828.623,0.688
gemma3:1b,test,0.0,induce_cot,,13,0.10176125244618395,0.12182194461606226,0.10047341417427132,0.06773417450355777,0.08199822129107359,0.9882583170254403,511.0,775.022,0.659
