model,split,temperature,num_labels,accuracy,precision_macro,recall_macro,f1_macro,f1_weighted,parsed_rate,num_samples,seconds,samples_per_sec
qwen2.5:0.5b,dev,0.0,13,0.09298245614035087,0.13420492287629643,0.1047735760971055,0.06092269079905948,0.04197703298909706,0.9964912280701754,570.0,377.832,1.509
qwen2.5:0.5b,test,0.0,13,0.07240704500978473,0.03249764922120717,0.08927925122257106,0.029607535321821036,0.035301729302288434,1.0,511.0,346.142,1.476
