mode,model,dataset,accuracy,precision,recall,f1,train_time_s
few-shot,meta-llama/Llama-3.2-1B-Instruct,all,0.4794520547945205,0.5225183733317058,0.4794520547945205,0.4831991035215641,2259.419240474701
