mode,model,dataset,accuracy,precision,recall,f1,train_time_s
few-shot,microsoft/Phi-3-mini-4k-instruct,all,0.5283757338551859,0.5240894498306364,0.5283757338551859,0.5211831064244327,1150.9594535827637
