ti_mode,few_shot_mode,model,dataset,num_shots,prompt_style,accuracy_mean,accuracy_std,precision_mean,precision_std,recall_mean,recall_std,f1_mean,f1_std,time_s_mean,time_s_std
suppress_cot,train,meta-llama/Llama-3.2-3B-Instruct,climate,3,minimal,0.18104265402843597,0.026683769213761616,0.1257600967252202,0.03148222830055726,0.18104265402843597,0.026683769213761616,0.12867852061018872,0.02494786595447667,409.802,1.0141350994813152
