mode,model,dataset,accuracy,precision,recall,f1,train_time_s
few-shot,google/gemma-7b-it,all,0.3385518590998043,0.34920484786805606,0.3385518590998043,0.33124138515729123,1908.4827618598938
