mode,model,dataset,accuracy,precision,recall,f1,train_time_s
few-shot,microsoft/Phi-3-mini-4k-instruct,all,0.5244618395303327,0.5319696220130388,0.5244618395303327,0.5222073285241233,1128.1258058547974
