mode,model,dataset,accuracy,precision,recall,f1,train_time_s
few-shot,Qwen/Qwen2.5-1.5B-Instruct,edu,0.6966666666666667,0.709825328220065,0.6966666666666667,0.693534002506305,2274.8405406475067
