mode,model,dataset,accuracy,precision,recall,f1,train_time_s
few-shot,meta-llama/Llama-3.2-1B-Instruct,climate,0.21800947867298578,0.2500019979112531,0.21800947867298578,0.22256485906881512,731.5245907306671
