ti_mode,few_shot_mode,model,dataset,num_shots,prompt_style,accuracy_mean,accuracy_std,precision_mean,precision_std,recall_mean,recall_std,f1_mean,f1_std,time_s_mean,time_s_std
suppress_cot,train,meta-llama/Llama-3.2-1B-Instruct,edu,3,minimal,0.6486666666666666,0.014643921757659181,0.6583709595189193,0.016285258981947607,0.6486666666666666,0.014643921757659181,0.6479576290374683,0.016067291784221446,1661.9279999999999,0.7941788211732181
