mode,model,dataset,accuracy,precision,recall,f1,train_time_s
few-shot,meta-llama/Llama-3.2-3B-Instruct,all,0.32289628180039137,0.3201318722937934,0.32289628180039137,0.31357077052778976,1405.970413684845
