mode,model,dataset,accuracy,precision,recall,f1,train_time_s
few-shot,meta-llama/Llama-3.2-3B-Instruct,all,0.4755381604696673,0.47015028909535866,0.4755381604696673,0.4668075892944874,1450.9152598381042
