mode,model,dataset,accuracy,precision,recall,f1,train_time_s
few-shot,meta-llama/Llama-3.2-1B-Instruct,all,0.4794520547945205,0.4873829011212146,0.4794520547945205,0.47751663609115014,2271.78808927536
