model,split,temperature,intervention,intervention_text,num_labels,accuracy,precision_macro,recall_macro,f1_macro,f1_weighted,parsed_rate,num_samples,seconds,samples_per_sec
gemma3:1b,dev,0.0,suppress_cot,,13,0.08947368421052632,0.1842839385020845,0.10821834601536137,0.08450309833412702,0.07160825353163079,0.9964912280701754,570.0,388.9,1.466
gemma3:1b,test,0.0,suppress_cot,,13,0.10763209393346379,0.1958451379344939,0.09844673273896119,0.07567941912871477,0.09668979716912272,0.9960861056751468,511.0,342.824,1.491
