model,split,temperature,num_labels,accuracy,precision_macro,recall_macro,f1_macro,f1_weighted,parsed_rate,num_samples,seconds,samples_per_sec
gemma3:12b,dev,0.0,13,0.3526315789473684,0.4757781584402579,0.3899704674342085,0.3680994028697598,0.3378808827419634,1.0,570.0,1098.038,0.519
gemma3:12b,test,0.0,13,0.3953033268101761,0.44826358491063983,0.37819189882295706,0.3536066830056332,0.3688987844121909,0.9980430528375733,511.0,958.877,0.533
