model,split,temperature,intervention,intervention_text,num_labels,accuracy,precision_macro,recall_macro,f1_macro,f1_weighted,parsed_rate,num_samples,seconds,samples_per_sec
gemma3:1b,dev,0.0,counterfactual_check,,13,0.13,0.11764146159056998,0.1415397278300504,0.10212912631001683,0.10808207811756736,0.995,200.0,139.472,1.434
gemma3:1b,test,0.0,counterfactual_check,,13,0.11,0.10019337115610408,0.09916056166056166,0.08063589310402265,0.10734190043202424,0.99,200.0,139.568,1.433
