mode,model,dataset,accuracy,precision,recall,f1,train_time_s
few-shot,Qwen/Qwen2.5-3B-Instruct,all,0.32093933463796476,0.30844811869241107,0.32093933463796476,0.3049484704753168,1895.2758948802948
