mode,model,dataset,accuracy,precision,recall,f1,train_time_s
few-shot,meta-llama/Llama-3.2-1B-Instruct,edu,0.6033333333333334,0.6203630651802559,0.6033333333333334,0.6037460570826251,1642.242747783661
