ti_mode,few_shot_mode,model,dataset,num_shots,prompt_style,accuracy_mean,accuracy_std,precision_mean,precision_std,recall_mean,recall_std,f1_mean,f1_std,time_s_mean,time_s_std
suppress_cot,train,meta-llama/Llama-3.2-1B-Instruct,all,3,minimal,0.47436399217221137,0.028614288417118196,0.48551848246817686,0.030666197053235745,0.47436399217221137,0.028614288417118196,0.47218597265467216,0.026512557878891847,2413.624,1.8054168493732077
