mode,model,dataset,accuracy,precision,recall,f1,train_time_s
few-shot,google/gemma-2-2b-it,all,0.5107632093933464,0.5116944501591698,0.5107632093933464,0.5052081195155436,1491.4321908950806
