mode,model,dataset,accuracy,precision,recall,f1,train_time_s
few-shot,meta-llama/Llama-3.2-3B-Instruct,all,0.33463796477495106,0.32000667339997146,0.33463796477495106,0.3161298770457757,1448.7421581745148
