mode,model,dataset,accuracy,precision,recall,f1,train_time_s
few-shot,meta-llama/Llama-3.2-3B-Instruct,climate,0.2132701421800948,0.1296350853222891,0.2132701421800948,0.12462115123329742,452.2627213001251
