mode,model,dataset,accuracy,precision,recall,f1,train_time_s
few-shot,Qwen/Qwen2.5-3B-Instruct,climate,0.2132701421800948,0.07254479560027373,0.2132701421800948,0.09525109714244714,589.2114737033844
