mode,model,dataset,accuracy,precision,recall,f1,train_time_s
few-shot,meta-llama/Llama-3.2-3B-Instruct,all,0.4383561643835616,0.4520209978915547,0.4383561643835616,0.43363077449164456,1460.2897760868073
