mode,model,dataset,accuracy,precision,recall,f1,train_time_s
few-shot,microsoft/Phi-3.5-mini-instruct,all,0.487279843444227,0.49820621369059126,0.487279843444227,0.4843272480248859,1110.3680217266083
