model,split,temperature,intervention,intervention_text,num_labels,accuracy,precision_macro,recall_macro,f1_macro,f1_weighted,parsed_rate,num_samples,seconds,samples_per_sec
gemma3:1b,dev,0.0,counterfactual_check,,13,0.10877192982456141,0.11628957579360996,0.12129701462705715,0.08851986480931187,0.08634165651856872,0.987719298245614,570.0,1526.733,0.373
gemma3:1b,test,0.0,counterfactual_check,,13,0.10176125244618395,0.09412301654734219,0.09497610742664776,0.06346150754461596,0.07951370439571646,0.9941291585127201,511.0,960.639,0.532
