mode,model,dataset,accuracy,precision,recall,f1,train_time_s
few-shot,Qwen/Qwen2.5-1.5B-Instruct,edu,0.6833333333333333,0.6964924599932066,0.6833333333333333,0.680964971541918,569.3293333053589
