mode,model,dataset,accuracy,precision,recall,f1,train_time_s
few-shot,meta-llama/Llama-3.2-3B-Instruct,climate,0.2037914691943128,0.2009062046793931,0.2037914691943128,0.13355303077534827,451.58931159973145
