mode,model,dataset,accuracy,precision,recall,f1,train_time_s
few-shot,meta-llama/Llama-3.2-3B-Instruct,all,0.4461839530332681,0.4640009845510928,0.4461839530332681,0.4422718610279131,1438.9931056499481
