mode,model,dataset,accuracy,precision,recall,f1,train_time_s
few-shot,meta-llama/Llama-3.2-3B-Instruct,edu,0.5833333333333334,0.5813770418466964,0.5833333333333334,0.5715946277817241,1005.589822769165
