mode,model,dataset,accuracy,precision,recall,f1,train_time_s
few-shot,Qwen/Qwen2.5-1.5B-Instruct,edu,0.38333333333333336,0.3542461419589079,0.38333333333333336,0.35588284598090714,543.3138105869293
