mode,model,dataset,accuracy,precision,recall,f1,train_time_s
few-shot,Qwen/Qwen2.5-3B-Instruct,edu,0.4033333333333333,0.3489948752228164,0.4033333333333333,0.36547395957757167,1298.6164290904999
