mode,model,dataset,accuracy,precision,recall,f1,train_time_s
few-shot,meta-llama/Llama-3.2-3B-Instruct,climate,0.22748815165876776,0.13074031704526884,0.22748815165876776,0.11832256625581233,454.00018978118896
