mode,model,dataset,accuracy,precision,recall,f1,train_time_s
few-shot,meta-llama/Llama-3.2-1B-Instruct,edu,0.6666666666666666,0.6880927143352085,0.6666666666666666,0.6663316526306308,1622.5251438617706
