model,split,temperature,intervention,intervention_text,num_labels,accuracy,precision_macro,recall_macro,f1_macro,f1_weighted,parsed_rate,num_samples,seconds,samples_per_sec,run_mode
gemma3:1b,dev,0.0,none,,13,0.155,0.158033633033633,0.1446823289565225,0.1157090583462981,0.1311108599647037,0.99,200.0,136.289,1.467,none
gemma3:1b,test,0.0,none,,13,0.13,0.0959235342488643,0.1123880748880748,0.0883419597606048,0.1160685492190854,0.995,200.0,134.983,1.482,none
gemma3:1b,dev,0.0,suppress_cot,,13,0.145,0.1224845890052398,0.1464000605129637,0.1105939090356158,0.1200550018968065,0.99,200.0,135.269,1.479,suppress_cot
gemma3:1b,test,0.0,suppress_cot,,13,0.115,0.0880700859424263,0.0899134341442033,0.0709735218751527,0.1051050117147158,1.0,200.0,133.297,1.5,suppress_cot
gemma3:1b,dev,0.0,counterfactual_check,,13,0.13,0.1176414615905699,0.1415397278300504,0.1021291263100168,0.1080820781175673,0.995,200.0,139.472,1.434,counterfactual_check
gemma3:1b,test,0.0,counterfactual_check,,13,0.11,0.100193371156104,0.0991605616605616,0.0806358931040226,0.1073419004320242,0.99,200.0,139.568,1.433,counterfactual_check
