model,split,temperature,intervention,intervention_text,num_labels,accuracy,precision_macro,recall_macro,f1_macro,f1_weighted,parsed_rate,num_samples,seconds,samples_per_sec
gemma3:1b,dev,0.0,label_then_reason,,13,0.11052631578947368,0.17953604660657987,0.1299226560258078,0.09501699632553788,0.0912609217230699,0.980701754385965,570.0,855.886,0.666
gemma3:1b,test,0.0,label_then_reason,,13,0.11350293542074363,0.12979547358927992,0.11088294574258649,0.08494773706873582,0.09776061758395614,0.9902152641878669,511.0,1530.055,0.334
