mode,model,dataset,accuracy,precision,recall,f1,train_time_s
few-shot,google/gemma-7b-it,edu,0.48333333333333334,0.46137403297185897,0.48333333333333334,0.46356341408074236,1319.4871578216553
