mode,model,dataset,accuracy,precision,recall,f1,train_time_s
few-shot,meta-llama/Llama-3.2-3B-Instruct,all,0.3287671232876712,0.31641104422383054,0.3287671232876712,0.31081137886889043,1461.4999995231628
