mode,model,dataset,accuracy,precision,recall,f1,train_time_s
few-shot,Qwen/Qwen2.5-3B-Instruct,all,0.2974559686888454,0.2951638036302968,0.2974559686888454,0.2839163357370593,1857.2493300437927
