mode,model,dataset,accuracy,precision,recall,f1,train_time_s
few-shot,Qwen/Qwen2.5-3B-Instruct,all,0.3268101761252446,0.32148429209985013,0.3268101761252446,0.3112254694944981,1882.8472347259521
