mode,model,dataset,accuracy,precision,recall,f1,train_time_s
few-shot,google/gemma-7b-it,all,0.4637964774951076,0.4694290489109282,0.4637964774951076,0.4576428606723045,1907.0380556583405
