mode,model,dataset,accuracy,precision,recall,f1,train_time_s
few-shot,Qwen/Qwen2.5-3B-Instruct,all,0.30919765166340507,0.31178707709602066,0.30919765166340507,0.29859619871066534,1884.0579779148102
