ti_mode,few_shot_mode,model,dataset,num_shots,prompt_style,accuracy_mean,accuracy_std,precision_mean,precision_std,recall_mean,recall_std,f1_mean,f1_std,time_s_mean,time_s_std
counterfactual,train,meta-llama/Llama-3.2-3B-Instruct,climate,3,minimal,0.1639810426540284,0.03755755972731559,0.12435228043098719,0.027333086972114354,0.1639810426540284,0.03755755972731559,0.11311861865315664,0.02043824407922168,409.63199999999995,2.08725178164973
