mode,model,dataset,accuracy,precision,recall,f1,train_time_s
few-shot,meta-llama/Llama-3.2-1B-Instruct,edu,0.6766666666666666,0.696323717948718,0.6766666666666666,0.6729936893011739,1619.0603232383728
