mode,model,dataset,accuracy_mean,accuracy_std,precision_mean,precision_std,recall_mean,recall_std,f1_mean,f1_std,train_time_s_mean,train_time_s_std
few-shot,google/gemma-7b-it,all,0.40587084148727987,0.05149040000483029,0.41288721741514695,0.05232201604116461,0.40587084148727987,0.05149040000483029,0.3985757902584551,0.05302061715918577,1907.4226212978363,1.4843123650949364
