ti_mode,few_shot_mode,model,dataset,num_shots,prompt_style,accuracy_mean,accuracy_std,precision_mean,precision_std,recall_mean,recall_std,f1_mean,f1_std,time_s_mean,time_s_std
suppress_cot,train,meta-llama/Llama-3.2-1B-Instruct,climate,3,minimal,0.22843601895734594,0.024489119777751277,0.24218561770396524,0.03853757875541925,0.22843601895734594,0.024489119777751277,0.22427865105067904,0.027844025477630048,766.198,0.2786933798998928
