model,split,temperature,intervention,intervention_text,num_labels,accuracy,precision_macro,recall_macro,f1_macro,f1_weighted,parsed_rate,num_samples,seconds,samples_per_sec
gemma3:1b,dev,0.0,suppress_cot,,13,0.11228070175438597,0.18833609280320487,0.13236306535594575,0.10467770781626473,0.09969946089062066,0.9912280701754386,570.0,601.087,0.948
gemma3:1b,test,0.0,suppress_cot,,13,0.1095890410958904,0.11040255524502517,0.11103511560284582,0.08077570176763298,0.09561710844018483,0.9921722113502935,511.0,602.804,0.848
