ti_mode,few_shot_mode,model,dataset,num_shots,prompt_style,accuracy_mean,accuracy_std,precision_mean,precision_std,recall_mean,recall_std,f1_mean,f1_std,time_s_mean,time_s_std
label_first,train,Qwen/Qwen2.5-3B-Instruct,climate,3,minimal,0.1658767772511848,0.019826066979480486,0.09786230505007544,0.013773405363314506,0.1658767772511848,0.019826066979480486,0.10341031740178355,0.006790727970543145,543.186,5.625151553513913
