model,split,temperature,intervention,intervention_text,num_labels,accuracy,precision_macro,recall_macro,f1_macro,f1_weighted,parsed_rate,num_samples,seconds,samples_per_sec
gemma3:1b,dev,0.0,suppress_cot,,13,0.145,0.12248458900523981,0.1464000605129637,0.1105939090356158,0.12005500189680658,0.99,200.0,135.269,1.479
gemma3:1b,test,0.0,suppress_cot,,13,0.115,0.08807008594242637,0.08991343414420337,0.07097352187515274,0.10510501171471587,1.0,200.0,133.297,1.5
