mode,model,dataset,accuracy,precision,recall,f1,train_time_s
few-shot,meta-llama/Llama-3.2-1B-Instruct,all,0.45401174168297453,0.49156183297799755,0.45401174168297453,0.459648843814027,2271.0918798446655
