mode,model,dataset,accuracy,precision,recall,f1,train_time_s
few-shot,microsoft/Phi-3-mini-4k-instruct,all,0.5283757338551859,0.5296110435932134,0.5283757338551859,0.5231635483690937,1148.9753668308258
