ti_mode,few_shot_mode,model,dataset,num_shots,prompt_style,accuracy_mean,accuracy_std,precision_mean,precision_std,recall_mean,recall_std,f1_mean,f1_std,time_s_mean,time_s_std
suppress_cot,train,meta-llama/Llama-3.2-3B-Instruct,all,3,minimal,0.4598825831702543,0.027292222467673863,0.4545431883672849,0.031703820066568654,0.4598825831702543,0.027292222467673863,0.4498048069456472,0.028738330492361904,1327.4,12.808286380308708
