model,split,temperature,num_labels,accuracy,precision_macro,recall_macro,f1_macro,f1_weighted,parsed_rate,num_samples,seconds,samples_per_sec
gemma3:1b,dev,0.0,13,0.10877192982456141,0.1835399444555797,0.12813747916978863,0.09097372679328339,0.08004453018638737,0.9982456140350877,570.0,700.123,0.814
gemma3:1b,test,0.0,13,0.11741682974559686,0.14181706507884953,0.1114299310643513,0.0834620762933003,0.10220506117868204,0.9960861056751468,511.0,572.113,0.893
