mode,model,dataset,accuracy,precision,recall,f1,train_time_s
few-shot,microsoft/Phi-3.5-mini-instruct,all,0.5322896281800391,0.550873793667123,0.5322896281800391,0.530703931238956,1116.4124596118927
