ti_mode,few_shot_mode,model,dataset,num_shots,prompt_style,accuracy_mean,accuracy_std,precision_mean,precision_std,recall_mean,recall_std,f1_mean,f1_std,time_s_mean,time_s_std
suppress_cot,train,Qwen/Qwen2.5-1.5B-Instruct,all,3,minimal,0.5099804305283757,0.008371526276402084,0.5261331020727252,0.004466900007726779,0.5099804305283757,0.008371526276402084,0.5094867769910996,0.0069884351732124985,6089.988,134.74702341795904
