mode,model,dataset,accuracy,precision,recall,f1,train_time_s
few-shot,microsoft/Phi-3-mini-4k-instruct,climate,0.20853080568720378,0.160701247323574,0.20853080568720378,0.13592589884540987,360.33596754074097
