ti_mode,few_shot_mode,model,dataset,num_shots,prompt_style,accuracy_mean,accuracy_std,precision_mean,precision_std,recall_mean,recall_std,f1_mean,f1_std,time_s_mean,time_s_std
structure_focus,train,Qwen/Qwen2.5-1.5B-Instruct,climate,3,minimal,0.22559241706161134,0.03800345060991365,0.23589849083898842,0.0428030106833676,0.22559241706161134,0.03800345060991365,0.21974225244600637,0.04002055511326318,1031.598,4.900328560413045
