model,split,temperature,token_intervention,num_labels,accuracy,precision_macro,recall_macro,f1_macro,f1_weighted,parsed_rate,num_samples,seconds,samples_per_sec,baseline_accuracy,baseline_precision_macro,baseline_recall_macro,baseline_f1_macro,baseline_f1_weighted,baseline_parsed_rate,baseline_seconds,baseline_samples_per_sec,delta_accuracy,delta_precision_macro,delta_recall_macro,delta_f1_macro,delta_f1_weighted,delta_parsed_rate,delta_seconds,delta_samples_per_sec
gemma3:1b,dev,0.0,none,13,0.1,0.1631697633391854,0.12206459547085453,0.0872344192768723,0.07688491568904106,0.9964912280701754,570.0,396.483,1.438,0.1,0.1631697633391854,0.12206459547085453,0.0872344192768723,0.07688491568904106,0.9964912280701754,396.483,1.438,0.0,0.0,0.0,0.0,0.0,0.0,0.0,0.0
gemma3:1b,test,0.0,none,13,0.11937377690802348,0.1172047129796848,0.11368916251612934,0.08423575862288428,0.10292667353750722,0.9960861056751468,511.0,542.444,0.942,0.11937377690802348,0.1172047129796848,0.11368916251612934,0.08423575862288428,0.10292667353750722,0.9960861056751468,542.444,0.942,0.0,0.0,0.0,0.0,0.0,0.0,0.0,0.0
gemma3:1b,dev,0.0,block_think_tokens,13,0.1,0.1631697633391854,0.12206459547085453,0.0872344192768723,0.07688491568904106,0.9964912280701754,570.0,387.482,1.471,0.1,0.1631697633391854,0.12206459547085453,0.0872344192768723,0.07688491568904106,0.9964912280701754,396.483,1.438,0.0,0.0,0.0,0.0,0.0,0.0,-9.000999999999976,0.03300000000000014
gemma3:1b,test,0.0,block_think_tokens,13,0.11937377690802348,0.1172047129796848,0.11368916251612934,0.08423575862288428,0.10292667353750722,0.9960861056751468,511.0,340.52,1.501,0.11937377690802348,0.1172047129796848,0.11368916251612934,0.08423575862288428,0.10292667353750722,0.9960861056751468,542.444,0.942,0.0,0.0,0.0,0.0,0.0,0.0,-201.92399999999998,0.5589999999999999
